{"accuracy": [0.23529411852359772, 0.20588235557079315, 0.23529411852359772, 0.20588235557079315, 0.23529411852359772, 0.3235294222831726, 0.20588235557079315, 0.23529411852359772, 0.3235294222831726, 0.23529411852359772, 0.4117647111415863, 0.5, 0.5588235259056091, 0.5588235259056091, 0.6176470518112183, 0.47058823704719543, 0.6764705777168274, 0.7352941036224365, 0.7058823704719543, 0.6764705777168274, 0.7647058963775635, 0.7941176295280457, 0.5, 0.44117647409439087, 0.5588235259056091, 0.7941176295280457, 0.7058823704719543], "loss": [1.770678997039795, 2.3995919227600098, 1.6373728513717651, 1.5964362621307373, 1.5425015687942505, 1.5088396072387695, 1.5310922861099243, 1.5221624374389648, 1.3449691534042358, 1.4032801389694214, 1.2367013692855835, 1.1451746225357056, 1.2441072463989258, 1.1074550151824951, 1.0866373777389526, 1.0722029209136963, 0.8196843266487122, 0.7790244817733765, 0.7206903100013733, 0.7429041266441345, 0.6280537843704224, 0.7383478879928589, 1.1771183013916016, 0.9225252270698547, 0.9234023094177246, 0.6302280426025391, 0.7800881862640381], "val_accuracy": [0.1666666716337204, 0.3333333432674408, 0.1666666716337204, 0.1666666716337204, 0.1666666716337204, 0.3333333432674408, 0.1666666716337204, 0.3333333432674408, 0.3333333432674408, 0.5, 0.3333333432674408, 0.5, 0.5, 0.5, 0.6666666865348816, 0.6666666865348816, 0.5, 0.5, 0.6666666865348816, 0.6666666865348816, 0.6666666865348816, 0.6666666865348816, 0.8333333134651184, 0.6666666865348816, 0.6666666865348816, 0.3333333432674408, 0.5], "val_loss": [2.333233118057251, 1.5898042917251587, 1.5532398223876953, 1.5647029876708984, 1.5316829681396484, 1.4839166402816772, 1.5036535263061523, 1.3362380266189575, 1.3349803686141968, 1.1222325563430786, 1.1170307397842407, 0.9991337656974792, 1.0442990064620972, 0.9294183850288391, 0.9490745663642883, 0.830619752407074, 0.8395309448242188, 0.7999407649040222, 0.7411630153656006, 0.7021586298942566, 0.7526150345802307, 0.9432430267333984, 0.6181816458702087, 0.5692853331565857, 0.8185003399848938, 1.628561019897461, 1.3675702810287476]}