{"accuracy": [0.23529411852359772, 0.1764705926179886, 0.4117647111415863, 0.38235294818878174, 0.3529411852359772, 0.23529411852359772, 0.5, 0.44117647409439087, 0.47058823704719543, 0.3235294222831726, 0.23529411852359772], "loss": [3.7925002574920654, 1.9027849435806274, 1.5679707527160645, 1.5451858043670654, 1.4884812831878662, 1.4470285177230835, 1.3428338766098022, 1.2753714323043823, 1.2776758670806885, 1.5329415798187256, 1.520456314086914], "val_accuracy": [0.1666666716337204, 0.1666666716337204, 0.5, 0.3333333432674408, 0.1666666716337204, 0.5, 0.3333333432674408, 0.6666666865348816, 0.3333333432674408, 0.3333333432674408, 0.3333333432674408], "val_loss": [1.8749736547470093, 1.53523588180542, 1.5398622751235962, 1.499345302581787, 1.4814858436584473, 1.3465381860733032, 1.336395263671875, 1.2436949014663696, 1.5166465044021606, 1.5323710441589355, 1.3076376914978027]}